ID,Item,Height,Width
1,Hide & seek,0.264210468,1
2,Pen,0.077348066,1
3,Munch,0.195,1
4,Scale,0.09,1
5,Eraser,0.34596593,1
